symptom_code,symptom_name,body_part,target,emergency_level,is_emergency_gate,follow_up_questions,suspected,hospital_guide,home_care,watch_for,source
URINE_BLOCK,"소변을 못 봐요 / 소변 자세만 반복해요",urinary,common,immediate,Y,"[{""id"":""q1"",""question"":""마지막으로 소변을 본 게 언제인가요?"",""choices"":[""6시간 이내"",""6~12시간"",""12시간 이상"",""모르겠어요""],""escalate_on"":[""12시간 이상""]}]","[{""name"":""요도폐색"",""why"":""소변이 나오지 않고 자세만 반복하는 것은 요도가 막혔을 때 나타나는 대표 증상입니다"",""confidence"":""높음""},{""name"":""방광결석"",""why"":""결석이 요도를 막으면 같은 증상이 나타납니다"",""confidence"":""보통""},{""name"":""급성 신부전"",""why"":""소변 생성 자체가 줄어든 경우입니다"",""confidence"":""낮음""}]","소변을 마지막으로 본 시각을 정확히 알려주세요. 수컷 고양이라면 반드시 먼저 말씀하세요.","집에서 지켜보면 안 되는 증상입니다. 물을 억지로 먹이지 마세요.","[""배를 만졌을 때 심하게 아파함"",""토하기 시작함"",""축 늘어짐""]","응급 필수 항목 (지시서 2-A ③-1)"
BREATH_HARD,"숨쉬기 힘들어해요 / 입을 벌리고 숨쉬어요",respiratory,common,immediate,Y,"[{""id"":""q1"",""question"":""혀나 잇몸 색이 어떤가요?"",""choices"":[""분홍색"",""창백함"",""푸르스름함"",""확인 못했어요""],""escalate_on"":[""창백함"",""푸르스름함""]}]","[{""name"":""폐수종"",""why"":""폐에 물이 차면 가만히 있어도 숨이 가빠집니다"",""confidence"":""보통""},{""name"":""흉수 또는 기흉"",""why"":""가슴에 물이나 공기가 차면 호흡이 얕고 빨라집니다"",""confidence"":""보통""},{""name"":""심장질환"",""why"":""심부전이 진행되면 호흡 곤란이 먼저 나타나는 경우가 많습니다"",""confidence"":""보통""}]","이동 중 흥분시키지 말고 상자에 담아 조용히 옮기세요. 잇몸 색을 봤다면 그대로 전하세요.","집에서 지켜보면 안 되는 증상입니다. 억지로 안거나 보정하지 마세요.","[""잇몸이 푸르게 변함"",""주저앉거나 쓰러짐"",""숨소리에 그르렁 소리가 섞임""]","응급 필수 항목 (지시서 2-A ③-2)"
SEIZURE,"경련하거나 발작해요",behavior,common,immediate,Y,"[{""id"":""q1"",""question"":""경련이 얼마나 이어졌나요?"",""choices"":[""1분 미만"",""1~5분"",""5분 이상"",""반복해서 일어남""],""escalate_on"":[""5분 이상"",""반복해서 일어남""]}]","[{""name"":""뇌전증"",""why"":""반복되는 전신 경련의 흔한 원인입니다"",""confidence"":""보통""},{""name"":""중독"",""why"":""독성 물질 섭취 후 경련이 나타나기도 합니다"",""confidence"":""보통""},{""name"":""저혈당"",""why"":""특히 어린 개체에서 경련의 원인이 됩니다"",""confidence"":""낮음""}]","경련이 몇 분간 이어졌는지, 오늘 몇 번이었는지 알려주세요. 가능하면 영상을 찍어 가세요.","주변 물건을 치워 다치지 않게만 하고 입에 손을 넣지 마세요.","[""경련이 5분 넘게 이어짐"",""연달아 다시 경련함"",""경련 후에도 의식이 돌아오지 않음""]","응급 필수 항목 (지시서 2-A ③-3)"
COLLAPSE,"의식이 흐리거나 쓰러졌어요 / 반응이 없어요",whole,common,immediate,Y,"[{""id"":""q1"",""question"":""부르면 반응이 있나요?"",""choices"":[""느리지만 반응함"",""거의 반응 없음"",""전혀 반응 없음""],""escalate_on"":[""거의 반응 없음"",""전혀 반응 없음""]}]","[{""name"":""쇼크"",""why"":""혈압이 떨어지면 의식이 흐려지고 몸이 차가워집니다"",""confidence"":""보통""},{""name"":""내출혈"",""why"":""외상이나 종양 파열로 배 안에 출혈이 있을 수 있습니다"",""confidence"":""보통""},{""name"":""중증 저혈당 또는 저체온"",""why"":""대사 이상으로 의식 저하가 올 수 있습니다"",""confidence"":""낮음""}]","쓰러진 시각과 그 전에 무엇을 했는지 알려주세요.","집에서 지켜보면 안 되는 증상입니다. 담요로 감싸 체온만 유지하며 옮기세요.","[""호흡이 느려지거나 멈춤"",""잇몸이 하얗게 변함"",""몸이 차가워짐""]","응급 필수 항목 (지시서 2-A ③-4)"
TOXIN,"먹으면 안 되는 걸 먹었어요",digestive,common,immediate,Y,"[{""id"":""q1"",""question"":""무엇을 먹었나요?"",""choices"":[""초콜릿"",""양파 또는 마늘"",""백합 등 식물"",""사람 약"",""잘 모르겠어요""]},{""id"":""q2"",""question"":""먹은 지 얼마나 됐나요?"",""choices"":[""1시간 이내"",""1~6시간"",""6시간 이상""]}]","[{""name"":""중독"",""why"":""섭취한 물질과 양에 따라 처치가 완전히 달라집니다"",""confidence"":""높음""}]","먹은 물질의 포장지나 남은 것을 그대로 가져가세요. 먹은 시각과 양이 가장 중요합니다.","집에서 억지로 토하게 하지 마세요. 물질에 따라 더 위험해집니다.","[""침을 심하게 흘림"",""경련"",""토하거나 설사를 시작함""]","응급 필수 항목 (지시서 2-A ③-5)"
BLOAT,"배가 부풀고 헛구역질을 해요",digestive,dog,immediate,Y,"[{""id"":""q1"",""question"":""토하려 하는데 아무것도 안 나오나요?"",""choices"":[""네 헛구역질만 해요"",""토가 나와요""],""escalate_on"":[""네 헛구역질만 해요""]}]","[{""name"":""위확장 위염전"",""why"":""배가 부풀고 헛구역질이 반복되는 것은 위염전의 전형적인 신호입니다"",""confidence"":""높음""}]","배가 언제부터 부풀었는지, 식사 직후였는지 알려주세요.","집에서 지켜보면 안 되는 증상입니다. 물이나 음식을 주지 마세요.","[""배가 계속 커짐"",""안절부절 못하고 눕지 못함"",""잇몸이 창백해짐""]","응급 필수 항목 (지시서 2-A ③-6)"
BLEEDING,"피가 멈추지 않아요",whole,common,immediate,Y,"[{""id"":""q1"",""question"":""출혈 부위가 어디인가요?"",""choices"":[""상처"",""코"",""입"",""항문 또는 생식기"",""여러 곳""],""escalate_on"":[""여러 곳""]}]","[{""name"":""외상성 출혈"",""why"":""상처가 깊으면 압박만으로 멈추지 않습니다"",""confidence"":""보통""},{""name"":""응고 장애"",""why"":""여러 곳에서 출혈이 있으면 피가 굳지 않는 상태일 수 있습니다"",""confidence"":""보통""}]","출혈이 시작된 시각과 대략적인 양을 알려주세요.","깨끗한 천으로 눌러 압박하면서 바로 이동하세요. 지혈제를 임의로 쓰지 마세요.","[""누르고 있어도 계속 배어나옴"",""잇몸이 창백해짐"",""기운이 급격히 떨어짐""]","응급 필수 항목 (지시서 2-A ③-7)"
HYPOTHERMIA,"몸이 차갑고 체온이 떨어졌어요",whole,common,immediate,Y,"[{""id"":""q1"",""question"":""귀와 발끝이 차가운가요?"",""choices"":[""평소와 비슷"",""차가움"",""매우 차가움""],""escalate_on"":[""차가움"",""매우 차가움""]}]","[{""name"":""쇼크"",""why"":""체온 급강하는 순환이 무너졌다는 신호입니다"",""confidence"":""보통""},{""name"":""저체온증"",""why"":""추위 노출이나 마취 후에 나타날 수 있습니다"",""confidence"":""보통""}]","체온계로 잰 값이 있으면 그대로 전하세요.","담요로 감싸 체온을 유지하며 바로 이동하세요. 뜨거운 물주머니를 직접 대지 마세요.","[""의식이 흐려짐"",""호흡이 느려짐"",""떨림이 멈추고 축 늘어짐""]","응급 필수 항목 (지시서 2-A ③-8)"
CAT_ANOREXIA,"24시간 넘게 아무것도 못 먹었어요",digestive,cat,immediate,Y,"[{""id"":""q1"",""question"":""마지막으로 먹은 게 언제인가요?"",""choices"":[""12~24시간"",""24~48시간"",""48시간 이상""],""escalate_on"":[""24~48시간"",""48시간 이상""]}]","[{""name"":""지방간"",""why"":""고양이는 굶는 기간이 길어지면 간에 지방이 쌓여 빠르게 위험해집니다"",""confidence"":""높음""},{""name"":""기저 질환에 의한 식욕부진"",""why"":""통증이나 감염, 신장질환이 원인일 수 있습니다"",""confidence"":""보통""}]","마지막 식사 시각과 체중 변화를 알려주세요.","집에서 지켜보면 안 되는 증상입니다. 억지로 먹이려다 흡인될 수 있으니 주의하세요.","[""잇몸이나 눈 흰자가 노래짐"",""침을 흘림"",""구토가 시작됨""]","응급 필수 항목 (지시서 2-A ③-9)"
EYE_TRAUMA,"눈을 다쳤어요 / 갑자기 앞을 못 봐요",eye,common,immediate,Y,"[{""id"":""q1"",""question"":""언제부터 그런가요?"",""choices"":[""방금"",""몇 시간 전"",""하루 이상""],""escalate_on"":[""방금"",""몇 시간 전""]}]","[{""name"":""각막 손상 또는 안구 외상"",""why"":""외상 후 시간이 지날수록 회복이 어려워집니다"",""confidence"":""높음""},{""name"":""급성 녹내장"",""why"":""갑작스러운 실명의 흔한 원인이며 시간을 다툽니다"",""confidence"":""보통""},{""name"":""망막박리"",""why"":""고혈압이 원인인 경우 갑자기 앞을 못 보게 됩니다"",""confidence"":""보통""}]","언제부터인지, 부딪힌 일이 있었는지 알려주세요. 안약을 넣었다면 그것도 말하세요.","안약을 임의로 넣지 말고 앞발로 비비지 못하게만 해주세요.","[""눈이 튀어나와 보임"",""눈을 아예 못 뜸"",""눈에서 피가 비침""]","응급 필수 항목 (지시서 2-A ③-10)"
VOMIT,"토했어요",digestive,common,within_24h,N,"[{""id"":""q1"",""question"":""오늘 몇 번 토했나요?"",""choices"":[""1번"",""2~3번"",""4번 이상""],""escalate_on"":[""4번 이상""]},{""id"":""q2"",""question"":""토한 것에 피가 섞여 있었나요?"",""choices"":[""아니요"",""조금 섞임"",""많이 섞임""],""escalate_on"":[""조금 섞임"",""많이 섞임""]},{""id"":""q3"",""question"":""물은 마시고 있나요?"",""choices"":[""잘 마셔요"",""조금 마셔요"",""전혀 안 마셔요""],""escalate_on"":[""전혀 안 마셔요""]}]","[{""name"":""급성 위장염"",""why"":""갑작스러운 구토의 가장 흔한 원인입니다"",""confidence"":""보통""},{""name"":""이물 섭취"",""why"":""반복해서 토하고 물도 못 넘긴다면 막힘을 의심합니다"",""confidence"":""보통""},{""name"":""췌장염"",""why"":""기름진 음식을 먹은 뒤 구토와 복통이 함께 오면 의심합니다"",""confidence"":""낮음""}]","토한 물질을 사진으로 찍어 가면 진료에 도움이 됩니다. 오늘 몇 번 토했는지 세어 두세요.","4~6시간 금식 후 소량의 물부터 주세요. 사료를 바꿨다면 원래대로 돌리세요.","[""물도 못 넘기고 바로 토함"",""축 늘어지고 반응이 느려짐"",""토에 피가 섞임""]","예시 데이터 (기획팀 CSV로 교체 예정)"
DIARRHEA,"설사를 해요",digestive,common,within_24h,N,"[{""id"":""q1"",""question"":""변에 피가 섞여 있나요?"",""choices"":[""아니요"",""네""],""escalate_on"":[""네""]},{""id"":""q2"",""question"":""며칠째인가요?"",""choices"":[""오늘부터"",""2~3일"",""일주일 이상""],""escalate_on"":[""일주일 이상""]}]","[{""name"":""장염"",""why"":""사료 변경이나 감염으로 흔히 발생합니다"",""confidence"":""보통""},{""name"":""기생충 감염"",""why"":""어린 개체에서 설사의 흔한 원인입니다"",""confidence"":""보통""},{""name"":""식이 불내성"",""why"":""새 간식이나 사료를 먹은 뒤 시작됐다면 의심합니다"",""confidence"":""낮음""}]","변 사진 또는 변을 담아 가면 검사가 빠릅니다.","물을 충분히 주고, 사료를 바꿨다면 원래대로 돌리세요.","[""변에 피가 늘어남"",""구토가 함께 시작됨"",""기운이 없어지고 안 먹음""]","예시 데이터 (기획팀 CSV로 교체 예정)"
SCRATCH,"자꾸 긁어요",skin,common,observe,N,"[{""id"":""q1"",""question"":""언제부터 그랬나요?"",""choices"":[""오늘"",""2~3일"",""일주일 이상""]},{""id"":""q2"",""question"":""피부가 어떤 상태인가요?"",""choices"":[""겉보기엔 멀쩡"",""비듬 각질이 많음"",""오돌토돌한 것이 남"",""진물이 나거나 헐었음""],""escalate_on"":[""진물이 나거나 헐었음""]}]","[{""name"":""알레르기성 피부염"",""why"":""계절이나 사료 변경과 함께 시작되는 경우가 많습니다"",""confidence"":""보통""},{""name"":""외부기생충"",""why"":""벼룩과 진드기는 심한 가려움의 흔한 원인입니다"",""confidence"":""보통""},{""name"":""감염성 피부염"",""why"":""긁어서 상처가 나면 2차 감염이 생깁니다"",""confidence"":""낮음""}]","긁는 부위를 가까이서 찍은 사진을 준비하세요. 사료나 환경이 바뀐 게 있으면 함께 말하세요.","긁어서 상처가 나지 않게 하고, 최근 바꾼 사료나 세제가 있는지 확인하세요.","[""털이 빠지는 부위가 넓어짐"",""진물이 나고 냄새가 남"",""밤에 잠을 못 잘 정도로 긁음""]","예시 데이터 (기획팀 CSV로 교체 예정)"
EYE_DISCHARGE,"눈을 잘 못 뜨고 눈물이 나요",eye,common,within_24h,N,"[{""id"":""q1"",""question"":""분비물이 어떤가요?"",""choices"":[""맑은 눈물"",""누런 분비물"",""없어요""],""escalate_on"":[""누런 분비물""]},{""id"":""q2"",""question"":""한쪽인가요 양쪽인가요?"",""choices"":[""한쪽"",""양쪽""]}]","[{""name"":""결막염"",""why"":""양쪽 눈에 분비물이 있으면 흔히 의심합니다"",""confidence"":""보통""},{""name"":""각막궤양"",""why"":""한쪽 눈만 심하게 못 뜬다면 각막 손상을 의심합니다"",""confidence"":""보통""},{""name"":""이물"",""why"":""갑자기 한쪽만 그렇다면 눈에 뭔가 들어갔을 수 있습니다"",""confidence"":""낮음""}]","안약을 넣었다면 어떤 것인지 가져가세요. 임의로 넣지 않은 상태가 진단에 유리합니다.","앞발로 비비지 못하게 해주세요. 사람 안약을 쓰지 마세요.","[""눈을 아예 뜨지 못함"",""눈이 뿌옇게 변함"",""분비물이 늘고 눈 주변이 부음""]","예시 데이터 (기획팀 CSV로 교체 예정)"
LETHARGY,"기운이 없어요",whole,common,within_24h,N,"[{""id"":""q1"",""question"":""밥은 먹나요?"",""choices"":[""평소처럼"",""조금만"",""전혀 안 먹어요""],""escalate_on"":[""전혀 안 먹어요""]},{""id"":""q2"",""question"":""며칠째인가요?"",""choices"":[""오늘부터"",""2~3일"",""일주일 이상""],""escalate_on"":[""일주일 이상""]}]","[{""name"":""감염성 질환"",""why"":""발열을 동반한 무기력은 감염에서 흔합니다"",""confidence"":""보통""},{""name"":""빈혈"",""why"":""잇몸이 창백하면 함께 의심합니다"",""confidence"":""보통""},{""name"":""통증"",""why"":""어딘가 아프면 움직임이 줄고 기운이 없어 보입니다"",""confidence"":""보통""}]","체온을 재서 알려주면 도움이 됩니다. 언제부터인지 기록해 가세요.","조용한 곳에서 쉬게 하고 물을 자주 주세요.","[""아예 일어나지 못함"",""잇몸이 창백해짐"",""물도 안 마심""]","예시 데이터 (기획팀 CSV로 교체 예정)"
COUGH,"기침을 해요",respiratory,common,within_24h,N,"[{""id"":""q1"",""question"":""언제 주로 기침하나요?"",""choices"":[""활동할 때"",""밤이나 새벽"",""하루 종일""],""escalate_on"":[""하루 종일""]},{""id"":""q2"",""question"":""기침 후 뭔가 뱉어내나요?"",""choices"":[""아니요"",""거품 같은 것"",""피가 섞임""],""escalate_on"":[""피가 섞임""]}]","[{""name"":""기관허탈"",""why"":""소형견에서 흥분 시 거위 소리 같은 기침이 특징입니다"",""confidence"":""보통""},{""name"":""심장질환"",""why"":""밤이나 새벽에 심해지는 기침은 심장 문제에서 흔합니다"",""confidence"":""보통""},{""name"":""기관지염"",""why"":""감염이나 자극으로 기침이 이어질 수 있습니다"",""confidence"":""보통""}]","기침하는 모습을 영상으로 찍어 가면 진단에 큰 도움이 됩니다.","담배 연기나 방향제를 피하고, 목줄 대신 가슴줄을 쓰세요.","[""숨쉬기 힘들어함"",""혀가 푸르게 변함"",""기침에 피가 섞임""]","예시 데이터 (기획팀 CSV로 교체 예정)"
PEE_FREQUENT,"소변을 자주 보거나 아파해요",urinary,common,within_24h,N,"[{""id"":""q1"",""question"":""소변에 피가 보이나요?"",""choices"":[""아니요"",""네""],""escalate_on"":[""네""]},{""id"":""q2"",""question"":""소변을 볼 때 힘들어 하나요?"",""choices"":[""아니요"",""끙끙거려요"",""자세만 잡고 안 나와요""],""escalate_on"":[""자세만 잡고 안 나와요""]}]","[{""name"":""방광염"",""why"":""자주 조금씩 보고 통증을 보이면 흔히 의심합니다"",""confidence"":""보통""},{""name"":""방광결석"",""why"":""혈뇨가 함께 있으면 결석 가능성이 올라갑니다"",""confidence"":""보통""},{""name"":""특발성 방광염"",""why"":""고양이에서 스트레스와 함께 자주 나타납니다"",""confidence"":""보통""}]","하루에 몇 번 보는지, 양은 어떤지 세어 가세요. 화장실 사진도 도움이 됩니다.","물을 더 많이 마시게 하고 화장실을 깨끗이 유지하세요.","[""아예 못 보기 시작함"",""토하기 시작함"",""축 늘어짐""]","예시 데이터 (기획팀 CSV로 교체 예정)"
BEHAVIOR_CHANGE,"평소와 다르게 예민해요",behavior,common,observe,N,"[{""id"":""q1"",""question"":""만지면 아파하는 곳이 있나요?"",""choices"":[""없어요"",""있어요""],""escalate_on"":[""있어요""]},{""id"":""q2"",""question"":""최근 환경이 바뀐 게 있나요?"",""choices"":[""없어요"",""이사나 가구 변경"",""새 가족 또는 동물""]}]","[{""name"":""통증"",""why"":""아픈 곳이 있으면 만지는 것을 피하고 예민해집니다"",""confidence"":""보통""},{""name"":""스트레스"",""why"":""환경 변화 후 행동이 달라지는 경우가 많습니다"",""confidence"":""보통""},{""name"":""내분비 이상"",""why"":""갑상선 항진증 등에서 성격 변화가 나타나기도 합니다"",""confidence"":""낮음""}]","언제부터 어떻게 달라졌는지 메모해 가세요. 영상이 있으면 좋습니다.","만졌을 때 아파하는 부위가 있는지 살펴보고, 숨을 곳을 만들어 주세요.","[""공격성이 심해짐"",""밥을 안 먹기 시작함"",""숨어서 나오지 않음""]","예시 데이터 (기획팀 CSV로 교체 예정)"
LIMP,"다리를 절어요",whole,common,within_24h,N,"[{""id"":""q1"",""question"":""언제부터인가요?"",""choices"":[""갑자기"",""며칠 전부터"",""오래됐어요""]},{""id"":""q2"",""question"":""발을 아예 못 딛나요?"",""choices"":[""딛기는 해요"",""아예 못 딛어요""],""escalate_on"":[""아예 못 딛어요""]}]","[{""name"":""슬개골 탈구"",""why"":""소형견에서 갑자기 다리를 들고 다니는 흔한 원인입니다"",""confidence"":""보통""},{""name"":""염좌 또는 타박"",""why"":""활동 직후 시작됐다면 의심합니다"",""confidence"":""보통""},{""name"":""골절"",""why"":""아예 딛지 못한다면 반드시 확인이 필요합니다"",""confidence"":""보통""}]","언제부터 어느 다리인지, 다친 일이 있었는지 알려주세요.","높은 곳에 오르내리지 못하게 하고 활동을 줄이세요.","[""다리가 부어오름"",""아예 못 움직임"",""만지면 심하게 아파함""]","예시 데이터 (기획팀 CSV로 교체 예정)"
